"title","isbn","authors","us_price","url"
"Web Services Essentials","0-596-00224-6","Ethan Cerami","$29.95","http://www.oreilly.com/catalog/webservess/"
"2001 P2P Networking Overview","0-596-00185-1","Kelly Truelove, Clay Shirky, Lucas Gonze, Rael Dornfest","$495.00","http://www.oreilly.com/catalog/p2presearch/"
"Managing IMAP","0-596-00012-X","Dianna Mullet, Kevin Mullet","$34.95","http://www.oreilly.com/catalog/mimap/"
"Writing Word Macros","1-56592-725-7","Steven Roman","$34.95","http://www.oreilly.com/catalog/writewordmacro/"
"Learning the bash Shell","1-56592-347-2","Cameron Newham, Bill Rosenblatt","$29.95","http://www.oreilly.com/catalog/bash2/"
"Programming ColdFusion","1-56592-698-6","Rob Brooks-Bilson","$49.95","http://www.oreilly.com/catalog/coldfusion/"
"Outlook 2000 in a Nutshell","1-56592-704-4","Tom Syroid, Bo Leuf","$29.95","http://www.oreilly.com/catalog/out2000ian/"
"Oracle PL/SQL Language Pocket Reference","1-56592-457-6","Bill Pribyl, Steven Feuerstein, Chip Dawes","$9.95","http://www.oreilly.com/catalog/orplpr/"
"Learning Red Hat Linux, 2nd Edition","0-596-00071-5","Bill McCarty","$34.95","http://www.oreilly.com/catalog/redhat2/"
"DHCP for Windows 2000","1-56592-838-5","Neall Alcott","$34.95","http://www.oreilly.com/catalog/dhcpwin2000/"
"Linux Network Administrator's Guide, 2nd Edition","1-56592-400-2","Olaf Kirch, Terry Dawson","$39.95","http://www.oreilly.com/catalog/linag2/"
"Unix for Oracle DBAs Pocket Reference","0-596-00066-9","Donald K. Burleson","$12.95","http://www.oreilly.com/catalog/unixoracledbapr/"
"Python Programming on Win32","1-56592-621-8","Mark Hammond, Andy Robinson","$34.95","http://www.oreilly.com/catalog/pythonwin32/"
"Java Professional Library","0-596-00107-X","David Flanagan, Jim Farley, William Crawford, Kris Magnusson","$99.95","http://www.oreilly.com/catalog/javaprolib/"
"Software","1-56592-226-3","Paul DuBois","$32.95","http://www.oreilly.com/catalog/imake2/"
"POSIX Programmer's Guide","0-937175-73-0","Donald Lewine","$39.95","http://www.oreilly.com/catalog/posix/"
"Palm OS Programming, 2nd Edition","1-56592-856-3","Neil Rhodes, Julie McKeehan","$39.95","http://www.oreilly.com/catalog/palmprog2/"
"Database Programming with JDBC and Java, Second Edition","1-56592-616-1","George Reese","$34.95","http://www.oreilly.com/catalog/jdbc2/"
"ADO: ActiveX Data Objects","1-56592-415-0","Jason T. Roff","$44.95","http://www.oreilly.com/catalog/ado/"
"Web Design in a Nutshell, 2nd Edition","0-596-00196-7","Jennifer Niederst","$29.95","http://www.oreilly.com/catalog/wdnut2/"
"lex &amp; yacc, 2nd Edition","1-56592-000-7","John Levine, Tony Mason, Doug Brown","$29.95","http://www.oreilly.com/catalog/lex/"
"Palm OS Network Programming","0-596-00005-7","Greg Winton","$39.95","http://www.oreilly.com/catalog/palmosnetpro/"
"Java RMI","1-56592-452-5","William Grosso","$39.95","http://www.oreilly.com/catalog/javarmi/"
"Oracle Security","1-56592-450-9","Marlene Theriault, William Heney","$34.95","http://www.oreilly.com/catalog/orasec/"
"Java and XSLT","0-596-00143-6","Eric M. Burke","$39.95","http://www.oreilly.com/catalog/javaxslt/"
"Learning Oracle PL/SQL","0-596-00180-0","Bill Pribyl, Steven Feuerstein","$39.95","http://www.oreilly.com/catalog/learnoracle/"
"IP Routing","0-596-00275-0","Ravi Malhotra","$34.95","http://www.oreilly.com/catalog/iprouting/"
"Power Programming with RPC","0-937175-77-3","John Bloomer","$29.95","http://www.oreilly.com/catalog/rpc/"
"Crossing Platforms: A Macintosh/Windows Phrasebook","1-56592-539-4","Adam Engst, David Pogue","$29.95","http://www.oreilly.com/catalog/platforms/"
"Web Caching","1-56592-536-X","Duane Wessels","$39.95","http://www.oreilly.com/catalog/webcaching/"
"Practical C Programming, 3rd Edition","1-56592-306-5","Steve Oualline","$34.95","http://www.oreilly.com/catalog/pcp3/"
"Programming PHP","1-56592-610-2","Kevin Tatroe, Rasmus Lerdorf","$39.95","http://www.oreilly.com/catalog/progphp/"
"Programming Visual Basic .NET","0-596-00093-6","Dave Grundgeiger","$39.95","http://www.oreilly.com/catalog/progvbdotnet/"
"Learning VBScript","1-56592-247-6","Paul Lomax","$39.95","http://www.oreilly.com/catalog/vbscript/"
"CVS Pocket Reference","0-596-00003-0","Gregor N. Purdy","$9.95","http://www.oreilly.com/catalog/cvspr/"
"JavaServer Pages Pocket Reference","0-596-00231-9","Hans Bergsten","$11.95","http://www.oreilly.com/catalog/javaserverpr/"
"Win32 API Programming with Visual Basic","1-56592-631-5","Steven Roman","$39.95","http://www.oreilly.com/catalog/win32api/"
"Managing IP Networks with Cisco Routers","1-56592-320-0","Scott M. Ballew","$34.95","http://www.oreilly.com/catalog/cisco/"
"Java Enterprise in a Nutshell, 2nd Edition","0-596-00152-5","Jim Farley, William Crawford, David Flanagan","$39.95","http://www.oreilly.com/catalog/jentnut2/"
"C++: The Core Language","1-56592-116-X","Gregory Satir, Doug Brown","$29.95","http://www.oreilly.com/catalog/core/"
"iMovie 2: The Missing Manual","0-596-00104-5","David Pogue","$19.95","http://www.oreilly.com/catalog/imoviemm2/"
"J2ME in a Nutshell","0-596-00253-X","Kim Topley","$29.95","http://www.oreilly.com/catalog/j2meanut/"
"MySQL","0-59600-265-3","Michael "Monty" Widenius, MySQL AB Development Team, David Axmark, Paul DuBois","$39.95","http://www.oreilly.com/catalog/mysqlref/"
"VBScript in a Nutshell","1-56592-720-6","Paul Lomax, Matt Childs, Ron Petrusha","$29.95","http://www.oreilly.com/catalog/vbscriptian/"
"REALbasic: The Definitive Guide, 2nd Edition","0-596-00177-0","Matt Neuburg","$39.95","http://www.oreilly.com/catalog/realbasic2/"
"Malicious Mobile Code","1-56592-682-X","Roger A. Grimes","$39.95","http://www.oreilly.com/catalog/malmobcode/"
"Learning XML","0-596-00046-4","Erik","$34.95","http://www.oreilly.com/catalog/learnxml/"
"Designing Active Server Pages","0-596-00044-8","Scott Mitchell","$29.95","http://www.oreilly.com/catalog/designasp/"
".NET Framework Essentials, 2nd Edition","0-596-00302-1","Thuan L. Thai, Hoang Lam","$29.95","http://www.oreilly.com/catalog/dotnetfrmess2/"
"Programming ASP.NET","0-596-00171-1","Jesse Liberty, Dan Hurwitz","$49.95","http://www.oreilly.com/catalog/progaspdotnet/"
"Java Cookbook","0-596-00170-3","Ian Darwin","$44.95","http://www.oreilly.com/catalog/javacook/"
"Web Security, Privacy &amp; Commerce, 2nd Edition","0-596-00045-6","Simson Garfinkel, Gene Spafford","$44.95","http://www.oreilly.com/catalog/websec2/"
"Perl for System Administration","1-56592-609-9","David N. Blank-Edelman","$34.95","http://www.oreilly.com/catalog/perlsysadm/"
"Using &amp; Managing PPP","1-56592-321-9","Andrew Sun","$34.95","http://www.oreilly.com/catalog/umppp/"
"Building Wireless Community Networks","0-596-00204-1","Rob Flickenger","$24.95","http://www.oreilly.com/catalog/wirelesscommnet/"
"CSS Pocket Reference","0-596-00120-7","Eric","$9.95","http://www.oreilly.com/catalog/csspr/"
"Ruby in a Nutshell","0-59600-214-9","Yukihiro Matsumoto","$24.95","http://www.oreilly.com/catalog/ruby/"
"UNIX in a Nutshell: System V Edition, 3rd Edition","1-56592-427-4","Arnold Robbins","$29.95","http://www.oreilly.com/catalog/unixnut3/"
"Linux Device Drivers, 2nd Edition","0-59600-008-1","Alessandro Rubini, Jonathan Corbet","$39.95","http://www.oreilly.com/catalog/linuxdrive2/"
"Word 2000 in a Nutshell","1-56592-489-4","Walter Glenn","$29.95","http://www.oreilly.com/catalog/word2000ian/"
"Oracle RMAN Pocket Reference","0-596-00233-5","Darl Kuhn, Scott Schulze","$12.95","http://www.oreilly.com/catalog/rman/"
"Oracle Essentials: Oracle9","0-596-00179-7","Rick Greenwald, Robert Stackowiak, Jonathan Stern","$34.95","http://www.oreilly.com/catalog/oressentials2/"
"Designing Large-Scale LANs","0-596-00150-9","Kevin Dooley","$39.95","http://www.oreilly.com/catalog/lgscalelans/"
"SSH, The Secure Shell: The Definitive","0-596-00011-1","Daniel J. Barrett, Ph.D., Richard Silverman","$39.95","http://www.oreilly.com/catalog/sshtdg/"
"Mastering Regular Expressions","1-56592-257-3","Jeffrey E. F. Friedl","$34.95","http://www.oreilly.com/catalog/regex/"
"Learning the Korn Shell, 2nd Edition","0-596-00195-9","Bill Rosenblatt, Arnold Robbins","$34.95","http://www.oreilly.com/catalog/korn2/"
"sendmail, 2nd Edition","1-56592-222-0","Bryan Costales, Eric Allman","$49.95","http://www.oreilly.com/catalog/sendmail2/"
"Free as in Freedom","0-596-00287-4","Sam Williams","$22.95","http://www.oreilly.com/catalog/freedom/"
"Python Standard Library","0-596-00096-0","Fredrik","$29.95","http://www.oreilly.com/catalog/pythonsl/"
"The Web Design CD Bookshelf","0-596-00271-8","O'Reilly & Associates, Inc.","$79.95","http://www.oreilly.com/catalog/webcdbk/"
"Windows NT TCP/IP Network Administration","1-56592-377-4","Craig Hunt, Robert Bruce Thompson","$37.95","http://www.oreilly.com/catalog/wintcp/"
"MCSE in a Nutshell: The Windows 2000 Exams","0-596-00030-8","Michael Moncur, Paul Murphy","$29.95","http://www.oreilly.com/catalog/mcseian/"
"Oracle Performance Tuning, 2nd Edition","1-56592-237-9","Mark Gurry, Peter Corrigan","$49.95","http://www.oreilly.com/catalog/oracle2/"
"Learning the vi Editor, 6th Edition","1-56592-426-6","Linda Lamb, Arnold Robbins","$29.95","http://www.oreilly.com/catalog/vi6/"
"Essential System Administration, 2nd Edition","1-56592-127-5","&AElig;leen Frisch","$44.95","http://www.oreilly.com/catalog/esa2/"
"Webmaster in a Nutshell, 2nd Edition","1-56592-325-1","Stephen Spainhour, Robert Eckstein","$29.95","http://www.oreilly.com/catalog/webmaster2/"
"Securing Windows NT/2000 Servers for the Internet","1-56592-768-0","Stefan Norberg","$29.95","http://www.oreilly.com/catalog/securwinserv/"
"Dynamic HTML: The Definitive Reference","1-56592-494-0","Danny Goodman","$49.95","http://www.oreilly.com/catalog/dhtmlref/"
"Learning Python","1-56592-464-9","Mark Lutz, David Ascher","$34.95","http://www.oreilly.com/catalog/lpython/"
"Writing Apache Modules with Perl and C","1-56592-567-X","Lincoln Stein, Doug MacEachern","$39.95","http://www.oreilly.com/catalog/wrapmod/"
"Ethernet: The Definitive Guide","1-56592-660-9","Charles E. Spurgeon","$44.95","http://www.oreilly.com/catalog/enettdg/"
"Windows 98 in a Nutshell","1-56592-486-X","Tim O'Reilly, Troy Mott, Walter Glenn","$24.95","http://www.oreilly.com/catalog/win98nut/"
"Peer-to-Peer","0-596-00110-X","Andy Oram","$29.95","http://www.oreilly.com/catalog/peertopeer/"
"Jython Essentials","0-596-00247-5","Noel Rappin, Samuele Pedroni","$24.95","http://www.oreilly.com/catalog/jythoness/"
"Windows 2000 Administration in a Nutshell","1-56592-713-3","Mitch Tulloch","$39.95","http://www.oreilly.com/catalog/win2000nut/"
"MySQL &amp; mSQL","1-56592-434-7","Randy Jay Yarger, George Reese, Tim King","$34.95","http://www.oreilly.com/catalog/msql/"
"Designing Web Audio","1-56592-353-7","Josh Beggs, Dylan Thede","$34.95","http://www.oreilly.com/catalog/sound/"
"Java Message Service","0-596-00068-5","Richard Monson-Haefel, David Chappell","$34.95","http://www.oreilly.com/catalog/javmesser/"
"Oracle &amp; Open Source","0-596-00018-9","Andy Duncan, Sean Hull","$39.95","http://www.oreilly.com/catalog/oracleopen/"
"Programming Visual Basic for the Palm OS","0-596-00200-9","Matthew Holmes, Patrick Burton, Roger Knoell","$39.95","http://www.oreilly.com/catalog/vbpropalm/"
"Java I/O","1-56592-485-1","Elliotte Rusty Harold","$39.95","http://www.oreilly.com/catalog/javaio/"
"Windows 98 Annoyances","1-56592-417-7","David A. Karp","$24.95","http://www.oreilly.com/catalog/win98annoy/"
"Subclassing &amp; Hooking with Visual Basic","0-596-00118-5","Stephen Teilhet","$49.95","http://www.oreilly.com/catalog/subhookvb/"
"Computer Science & Perl Programming","0-596-00310-2","Jon Orwant","$39.95","http://www.oreilly.com/catalog/tpj1/"
"Apache Pocket Reference","1-56592-706-0","Andrew Ford","$9.95","http://www.oreilly.com/catalog/apachepr/"
"Information Architecture for the World Wide Web","1-56592-282-4","Louis Rosenfeld, Peter Morville","$29.95","http://www.oreilly.com/catalog/infotecture/"
"PC Hardware in a Nutshell","1-56592-599-8","Robert Bruce Thompson, Barbara Fritchman Thompson","$29.95","http://www.oreilly.com/catalog/pchardnut/"
"DNS and BIND, 4th Edition","0-596-00158-4","Paul Albitz, Cricket Liu","$44.95","http://www.oreilly.com/catalog/dns4/"
"VBScript Pocket Reference","0-596-00126-6","Paul, Matt Childs, Ron Petrusha","$12.95","http://www.oreilly.com/catalog/vbscriptpr/"
"Programming Web Services with XML-RPC","0-596-00119-3","Simon St. Laurent, Joe Johnston, Edd Dumbill, Dave Winer","$34.95","http://www.oreilly.com/catalog/progxmlrpc/"
"sendmail Desktop Reference","1-56592-278-6","Bryan Costales, Eric Allman","$9.95","http://www.oreilly.com/catalog/sendmailqr/"
"Mac OS X Pocket Reference","0-596-00346-3","Chuck Toporek","$12.95","http://www.oreilly.com/catalog/macosxpr/"
"XML Pocket Reference, 2nd Edition","0-596-00133-9","Robert Eckstein, Michel Casabianca","$12.95","http://www.oreilly.com/catalog/xmlpr2/"
"COM and .NET Component Services","0-596-00103-7","Juval L&ouml;wy","$39.95","http://www.oreilly.com/catalog/comdotnetsvs/"
"Transact-SQL Programming","1-56592-401-0","Kevin Kline, Lee Gould, Andrew Zanevsky","$49.95","http://www.oreilly.com/catalog/wintrnssql/"
"Programming Internet Email","1-56592-479-7","David Wood","$34.95","http://www.oreilly.com/catalog/progintemail/"
"LPI Linux Certification in a Nutshell","1-56592-748-6","Jeff Dean","$39.95","http://www.oreilly.com/catalog/lpicertnut/"
"Apache: The Definitive Guide, 2nd Edition","1-56592-528-9","Ben Laurie, Peter Laurie","$34.95","http://www.oreilly.com/catalog/apache2/"
"Windows 2000 Pro: The Missing Manual","0-596-00010-3","Sharon Crawford","$19.95","http://www.oreilly.com/catalog/win2promm/"
"sed &amp; awk, 2nd Edition","1-56592-225-5","Dale Dougherty, Arnold Robbins","$34.95","http://www.oreilly.com/catalog/sed2/"
"Java &amp; XML, 2nd Edition","0-596-00197-5","Brett McLaughlin","$44.95","http://www.oreilly.com/catalog/javaxml2/"
"vi Editor Pocket Reference","1-56592-497-5","Arnold Robbins","$9.95","http://www.oreilly.com/catalog/vipr/"
"HTML &amp; XHTML: The Definitive Guide 4th Edition","0-596-00026-X","Chuck Musciano, Bill Kennedy","$34.95","http://www.oreilly.com/catalog/html4/"
"SVG Essentials","0-596-00223-8","J. David Eisenberg","$34.95","http://www.oreilly.com/catalog/svgess/"
"Porting UNIX Software","1-56592-126-7","Greg Lehey","$29.95","http://www.oreilly.com/catalog/port/"
"Running Linux,","1-56592-469-X","Matt Welsh, Matthias Kalle Dalheimer, Lar Kaufman","$39.95","http://www.oreilly.com/catalog/runux3/"
"Programming Web Services with SOAP","0-596-00095-2","James Snell, Doug Tidwell, Pavel Kulchenko","$34.95","http://www.oreilly.com/catalog/progwebsoap/"
"PHP Pocket Reference","1-56592-769-9","Rasmus Lerdorf","$9.95","http://www.oreilly.com/catalog/phppr/"
"C# in a Nutshell","0-596-00181-9","Peter Drayton, Ben Albahari","$39.95","http://www.oreilly.com/catalog/csharpnut/"
"Exploring Expect","1-56592-090-2","Don Libes","$34.95","http://www.oreilly.com/catalog/expect/"
"Java Security, 2nd Edition","0-596-00157-6","Scott Oaks","$44.95","http://www.oreilly.com/catalog/javasec2/"
"Java Cryptography","1-56592-402-9","Jonathan Knudsen","$29.95","http://www.oreilly.com/catalog/javacrypt/"
"High Performance Computing, 2nd Edition","1-56592-312-X","Kevin Dowd, Charles Severance","$34.95","http://www.oreilly.com/catalog/hpc2/"
"Java Programming with Oracle SQLJ","0-596-00087-1","Jason Price","$39.95","http://www.oreilly.com/catalog/orasqlj/"
"JavaScript: The Definitive Guide, 4th Edition","0-596-00048-0","David Flanagan","$44.95","http://www.oreilly.com/catalog/jscript4/"
"Programming Python, 2nd Edition","0-596-00085-5","Mark Lutz","$54.95","http://www.oreilly.com/catalog/python2/"
"JavaServer Pages","1-56592-746-X","Hans Bergsten","$39.95","http://www.oreilly.com/catalog/jserverpages/"
"Programming Jabber","0-596-00202-5","DJ Adams","$39.95","http://www.oreilly.com/catalog/jabber/"
"Virtual","1-56592-529-7","Charlie Scott, Paul Wolfe, Mike Erwin","$34.95","http://www.oreilly.com/catalog/vpn2/"
"Mac OS X: The Missing Manual","0-596-00082-0","David Pogue","$24.95","http://www.oreilly.com/catalog/macosxmm/"
"PGP: Pretty Good Privacy","1-56592-098-8","Simson Garfinkel","$34.95","http://www.oreilly.com/catalog/pgp/"
"Learning Cocoa","0-596-00160-6","Apple Computer, Inc.","$34.95","http://www.oreilly.com/catalog/learncocoa/"
"ASP in a Nutshell, 2nd Edition","1-56592-843-1","A. Keyton Weissinger","$29.95","http://www.oreilly.com/catalog/aspnut2/"
"Java Network Programming,","1-56592-870-9","Elliotte Rusty Harold","$39.95","http://www.oreilly.com/catalog/javanp2/"
"Perl in a Nutshell, 2nd Edition","0-59600-241-6","Nate Patwardhan, Ellen Siever, Stephen Spainhour","$39.95","http://www.oreilly.com/catalog/perlnut2/"
"Mastering Perl/Tk","1-56592-716-8","Nancy Walsh, Stephen Lidie","$44.95","http://www.oreilly.com/catalog/mastperltk/"
"Excel 2000 in a Nutshell","1-56592-714-1","Jinjer Simon","$29.95","http://www.oreilly.com/catalog/excel2000ian/"
"The Root of All Evil","0-596-00193-2","Illiad","$12.95","http://www.oreilly.com/catalog/rootofevil/"
"Building","1-56592-691-9","Steve Muench","$44.95","http://www.oreilly.com/catalog/orxmlapp/"
"Web Performance Tuning, 2nd Edition","0-596-00172-X","Patrick Killelea","$44.95","http://www.oreilly.com/catalog/webpt2/"
"Essential SNMP","0-596-00020-0","Douglas Mauro, Kevin Schmidt","$39.95","http://www.oreilly.com/catalog/esnmp/"
"Developing","1-56592-664-1","Cynthia Gibas, Per Jambeck","$34.95","http://www.oreilly.com/catalog/bioskills/"
"VB &amp; VBA in a Nutshell: The Language","1-56592-358-8","Paul Lomax","$29.95","http://www.oreilly.com/catalog/vbanut/"
"Volume 3M: X Window System User's Guide","1-56592-015-5","Valerie Quercia, Tim O'Reilly","$34.95","http://www.oreilly.com/catalog/v3m/"
"ASP.NET in a Nutshell","0-596-00116-9","Matthew MacDonald, G. Andrew Duthie","$34.95","http://www.oreilly.com/catalog/aspdotnetnut/"
"Managing NFS and NIS, 2nd Edition","1-56592-510-6","Hal Stern, Mike Eisler, Ricardo Labiaga","$39.95","http://www.oreilly.com/catalog/nfs2/"
"Volume 1: Xlib Programming Manual","1-56592-002-3","Adrian Nye","$34.95","http://www.oreilly.com/catalog/v1/"
"Learning GNU Emacs, 2nd Edition","1-56592-152-6","Debra Cameron, Bill Rosenblatt, Eric S. Raymond","$34.95","http://www.oreilly.com/catalog/gnu2/"
"Essential Windows NT System Administration","1-56592-274-3","AEleen Frisch","$34.95","http://www.oreilly.com/catalog/esawinnt/"
"Tcl/Tk Pocket Reference","1-56592-498-3","Paul Raines","$9.95","http://www.oreilly.com/catalog/tclpr/"
"The Perl CD Bookshelf, Version 2.0","0-596-00164-9","O'Reilly & Associates, Inc.","$79.95","http://www.oreilly.com/catalog/perlcdbs2/"
"CJKV Information Processing","1-56592-224-7","Ken Lunde","$64.95","http://www.oreilly.com/catalog/cjkvinfo/"
"Designing with JavaScript, 2nd Edition","1-56592-360-X","Nick Heinle, Bill Pena","$34.95","http://www.oreilly.com/catalog/designjs2/"
"GIMP Pocket Reference","1-56592-731-1","Sven Neumann","$9.95","http://www.oreilly.com/catalog/gimppr/"
"Learning Perl, 3rd Edition","0-596-00132-0","Randal L. Schwartz, Tom Phoenix","$34.95","http://www.oreilly.com/catalog/lperl3/"
"Oracle Scripts","1-56592-438-X","Brian Lomasky, David C. Kreines","$29.95","http://www.oreilly.com/catalog/oraclescrp/"
"Smileys","1-56592-041-4","David W. Sanderson","$7.95","http://www.oreilly.com/catalog/smileys/"
"Office 2001 for Macintosh: The Missing Manual","0-596-00081-2","Nan Barber, David Reynolds","$29.95","http://www.oreilly.com/catalog/msoffmacmm/"
"Oracle SQL Tuning Pocket Reference","0-596-00268-8","Mark Gurry","$12.95","http://www.oreilly.com/catalog/orsqltunpr/"
"Oracle PL/SQL Best Practices","0-596-00121-5","Steven Feuerstein","$19.95","http://www.oreilly.com/catalog/orbestprac/"
"Dreamweaver in a Nutshell","0-596-00239-4","Heather Williamson, Bruce A. Epstein","$29.95","http://www.oreilly.com/catalog/dreamweavernut/"
"Internet Core Protocols: The Definitive Guide","1-56592-572-6","Eric Hall","$39.95","http://www.oreilly.com/catalog/coreprot/"
"Effective awk Programming, 3rd Edition","0-596-00070-7","Arnold Robbins","$39.95","http://www.oreilly.com/catalog/awkprog3/"
"Java Swing","1-56592-455-X","Robert Eckstein, Marc Loy, David Wood","$49.95","http://www.oreilly.com/catalog/jswing/"
"Java Internationalization","0-596-00019-7","Andy Deitsch, David Czarnecki","$39.95","http://www.oreilly.com/catalog/javaint/"
"Network Printing","0-596-00038-3","Matthew Gast, Todd Radermacher","$34.95","http://www.oreilly.com/catalog/netprint/"
"Planning for Web","0-596-00364-1","Clay Shirky","$495.00","http://www.oreilly.com/catalog/wsrep/"
"Java Distributed Computing","1-56592-206-9","Jim Farley","$34.95","http://www.oreilly.com/catalog/javadc/"
"Building Java Enterprise Applications vol I: Architecture","0-596-00123-1","Brett McLaughlin","$39.95","http://www.oreilly.com/catalog/javentappsv1/"
"Windows 2000 Performance Guide","1-56592-466-5","Mark Friedman, Odysseas Pentakalos","$44.95","http://www.oreilly.com/catalog/w2kperf/"
"Oracle SQL*Plus: The Definitive Guide","1-56592-578-5","Jonathan Gennick","$39.95","http://www.oreilly.com/catalog/orsqplus/"
"XML in a Nutshell","0-596-00058-8","Elliotte Rusty Harold, W. Scott Means","$29.95","http://www.oreilly.com/catalog/xmlnut/"
"mod_perl Pocket Reference","0-596-00047-2","Andrew Ford","$9.95","http://www.oreilly.com/catalog/modperlpr/"
"Volume 2: Xlib Reference Manual","1-56592-006-6","Adrian Nye","$34.95","http://www.oreilly.com/catalog/v2/"
"Evil Geniuses in a Nutshell","1-56592-861-X","Illiad","$12.95","http://www.oreilly.com/catalog/evilgenius/"
"Mastering Algorithms with Perl","1-56592-398-7","Jon Orwant, Jarkko Hietaniemi, John Macdonald","$34.95","http://www.oreilly.com/catalog/maperl/"
"Oracle Built-in Packages","1-56592-375-8","Steven Feuerstein, Charles Dye, John Beresniewicz","$49.95","http://www.oreilly.com/catalog/oraclebip/"
"Windows System Policy Editor","1-56592-649-8","Stacey Anderson-Redick","$34.95","http://www.oreilly.com/catalog/winsyspe/"
"Database Nation ","0-596-00105-3","Simson Garfinkel","$16.95","http://www.oreilly.com/catalog/dbnationtp/"
"Developing Java Beans","1-56592-289-1","Robert Englander","$29.95","http://www.oreilly.com/catalog/javabeans/"
"Writing Excel Macros","1-56592-587-4","Steven Roman","$29.95","http://www.oreilly.com/catalog/exlmacro/"
"UML in a Nutshell","1-56592-448-7","Sinan Si Alhir","$24.95","http://www.oreilly.com/catalog/umlnut/"
"Java Enterprise in a Nutshell","1-56592-483-5","David Flanagan, Jim Farley, William Crawford, Kris Magnusson","$29.95","http://www.oreilly.com/catalog/jentnut/"
"The","0-596-00108-8","Eric S. Raymond","$16.95","http://www.oreilly.com/catalog/cathbazpaper/"
"Java Threads, 2nd Edition","1-56592-418-5","Scott Oaks, Henry Wong","$34.95","http://www.oreilly.com/catalog/jthreads2/"
"The Complete Windows NT &amp; UNIX System Administration Pack","---","O'Reilly & Associates, Inc.","$149.00","http://www.oreilly.com/catalog/hp12pack/"
"GNU Emacs Pocket Reference","1-56592-496-7","Debra Cameron","$9.95","http://www.oreilly.com/catalog/gnupr/"
"Learning Web Design","0-596-00036-7","Jennifer Niederst","$34.95","http://www.oreilly.com/catalog/learnweb/"
"JavaScript Application Cookbook","1-56592-577-7","Jerry Bradenbaugh","$34.95","http://www.oreilly.com/catalog/jscook/"
"Using SANs and NAS","0-596-00153-3","W. Curtis Preston","$29.95","http://www.oreilly.com/catalog/sansnas/"
"Windows XP Home Edition: The Missing Manual","0-596-00260-2","David Pogue","$29.95","http://www.oreilly.com/catalog/windowsxptmm/"
"Volume 6B: Motif Reference","1-56592-654-4","Antony Fountain, Paula Ferguson","$49.95","http://www.oreilly.com/catalog/motifref2/"
"Access Database Design &amp; Programming, 3rd Edition","0-59600-273-4","Steven Roman","$34.95","http://www.oreilly.com/catalog/accessdata3/"
"JavaScript Pocket Reference","1-56592-521-1","David Flanagan","$9.95","http://www.oreilly.com/catalog/jscriptpr/"
"Learning Carbon","0-596-00161-4","Apple Computer, Inc.","$34.95","http://www.oreilly.com/catalog/learncarbon/"
"Perl Cookbook","1-56592-243-3","Tom Christiansen, Nathan Torkington","$39.95","http://www.oreilly.com/catalog/cookbook/"
"Managing Mailing Lists","1-56592-259-X","Alan Schwartz","$29.95","http://www.oreilly.com/catalog/mailing/"
"Oracle Database Administration: The Essential Reference","1-56592-516-5","David C. Kreines, Brian","$39.95","http://www.oreilly.com/catalog/oradba/"
"Oracle DBA Checklists Pocket Reference","0-596-00122-3","Quest Software","$9.95","http://www.oreilly.com/catalog/ordbacheck/"
"Learning Perl on Win32 Systems","1-56592-324-3","Randal L. Schwartz, Erik Olson, Tom Christiansen","$34.95","http://www.oreilly.com/catalog/lperlwin/"
"Programming with GNU Software","1-56592-112-7","Mike Loukides, Andy Oram","$39.95","http://www.oreilly.com/catalog/prognu/"
"Java Foundation Classes in a Nutshell","1-56592-488-6","David Flanagan","$29.95","http://www.oreilly.com/catalog/jfcnut/"
"Programming Embedded Systems in C and C++","1-56592-354-5","Michael Barr","$29.95","http://www.oreilly.com/catalog/embsys/"
"Applying RCS and SCCS","1-56592-117-8","Don Bolinger, Tan Bronson","$34.95","http://www.oreilly.com/catalog/rcs/"
"TCP/IP Network Administration, 3rd Edition","0-596-00297-1","Craig Hunt","$44.95","http://www.oreilly.com/catalog/tcp3/"
"Beyond","0-596-00037-5","Brian McConnell","$24.95","http://www.oreilly.com/catalog/alien/"
"AppleScript in a Nutshell","1-56592-841-5","Bruce W. Perry","$29.95","http://www.oreilly.com/catalog/aplscptian/"
"Unix Backup","1-56592-642-0","W. Curtis Preston","$39.95","http://www.oreilly.com/catalog/unixbr/"
"802.11 Wireless Networks: The Definitive Guide","0-596-00183-5","Matthew Gast","$44.95","http://www.oreilly.com/catalog/802dot11/"
"Running Weblogs with Slash","0-596-00100-2","chromatic, Brian Aker, David Krieger","$34.95","http://www.oreilly.com/catalog/runblogslash/"
"termcap &amp; terminfo","0-937175-22-6","John Strang, Linda Mui, Tim O'Reilly","$29.95","http://www.oreilly.com/catalog/term/"
"Perl & XML","0-596-00205-X","Erik T. Ray, Jason McIntosh","$34.95","http://www.oreilly.com/catalog/perlxml/"
"Windows XP in a Nutshell","0-596-00249-1","Tim O'Reilly, Troy Mott, David A. Karp","$29.95","http://www.oreilly.com/catalog/winxpnut/"
"Practical C++ Programming","1-56592-139-9","Steve Oualline","$34.95","http://www.oreilly.com/catalog/cplus/"
"Exim","0-596-00098-7","Philip Hazel","$44.95","http://www.oreilly.com/catalog/exim/"
"Understanding the Linux Kernel","0-596-00002-2","Daniel P. Bovet, Marco Cesati","$39.95","http://www.oreilly.com/catalog/linuxkernel/"
"Programming the Perl DBI","1-56592-699-4","Alligator, Tim Bunce","$34.95","http://www.oreilly.com/catalog/perldbi/"
"Solaris 8 Administrator's Guide","0-596-00073-1","Paul Watters","$39.95","http://www.oreilly.com/catalog/solaris8/"
"Volume 4M: X Toolkit Intrinsics Programming Manual","1-56592-013-9","Tim O'Reilly, Adrian Nye","$34.95","http://www.oreilly.com/catalog/v4m/"
"ActionScript: The Definitive Guide","1-56592-852-0","Colin Moock","$39.95","http://www.oreilly.com/catalog/actscript/"
"UNIX Systems Programming for SVR4","1-56592-163-1","Dave Curry","$34.95","http://www.oreilly.com/catalog/usp/"
"When You Can't Find Your UNIX System Administrator","1-56592-104-6","Linda Mui","$17.95","http://www.oreilly.com/catalog/usa/"
"Incident Response","0-596-00130-4","Kenneth R. van Wyk, Richard Forno","$34.95","http://www.oreilly.com/catalog/incidentres/"
"Oracle PL/SQL Programming Guide to Oracle8i Features","1-56592-675-7","Steven Feuerstein","$29.95","http://www.oreilly.com/catalog/ornewfeatures/"
"System Performance Tuning, 2nd Edition","0-596-00284-X","Gian-Paolo D. Musumeci, Mike Loukides","$39.95","http://www.oreilly.com/catalog/spt2/"
"COM+ Programming with Visual Basic","1-56592-840-7","Jose Mojica","$34.95","http://www.oreilly.com/catalog/compluspvb/"
"Learning Java","1-56592-718-4","Pat Niemeyer, Jonathan Knudsen","$39.95","http://www.oreilly.com/catalog/learnjava/"
"The Linux Web Server CD Bookshelf","0-59600-208-4","O'Reilly & Associates, Inc.","$79.95","http://www.oreilly.com/catalog/linuxwebcdbs/"
"The Networking CD Bookshelf","1-56592-523-8","O'Reilly & Associates, Inc.","$79.95","http://www.oreilly.com/catalog/netcd/"
"Oracle Net8 Configuration and Troubleshooting","1-56592-753-2","Hugo Toledo, Jonathan Gennick","$39.95","http://www.oreilly.com/catalog/net8trouble/"
"POSIX.4","1-56592-074-0","Bill Gallmeister","$39.95","http://www.oreilly.com/catalog/posix4/"
"Windows NT in a Nutshell","1-56592-251-4","Eric Pearce","$24.95","http://www.oreilly.com/catalog/winnut/"
"Enterprise JavaBeans, 3rd Edition","0-596-00226-2","Richard Monson-Haefel","$44.95","http://www.oreilly.com/catalog/entjbeans3/"
"Web Database Applications with PHP & MySQL","0-596-00041-3","Hugh E. Williams, David Lane","$44.95","http://www.oreilly.com/catalog/webdbapps/"
"Beginning Perl for Bioinformatics","0-596-00080-4","James Tisdall","$39.95","http://www.oreilly.com/catalog/begperlbio/"
"HTML Pocket Reference, 2nd Edition","0-596-00296-3","Jennifer Niederst","$12.95","http://www.oreilly.com/catalog/htmlpr2/"
"Samba Pocket Reference","0-59600-099-5","Robert Eckstein, David Collier-Brown, Peter Kelly","$9.95","http://www.oreilly.com/catalog/sambapr/"
"SAX2","0-596-00237-8","David Brownell","$29.95","http://www.oreilly.com/catalog/sax2/"
"Java Servlet Programming, 2nd Edition","0-596-00040-5","Jason Hunter, William Crawford","$44.95","http://www.oreilly.com/catalog/jservlet2/"
"Practical PostgreSQL","1-56592-846-6","John C. Worsley, Joshua D. Drake","$44.95","http://www.oreilly.com/catalog/ppostgresql/"
"SQL in a Nutshell","1-56592-744-3","Kevin Kline, Daniel Kline, Ph.D.","$29.95","http://www.oreilly.com/catalog/sqlnut/"
"Outlook Annoyances","1-56592-384-7","Woody Leonhard, Lee Hudspeth, T. J. Lee","$24.95","http://www.oreilly.com/catalog/outannoy/"
"HTTP Pocket Reference","1-56592-862-8","Clinton Wong","$9.95","http://www.oreilly.com/catalog/httppr/"
"Physics for Game Developers","0-596-00006-5","David M. Bourg","$39.95","http://www.oreilly.com/catalog/physicsgame/"
"Pthreads Programming","1-56592-115-1","Bradford Nichols, Dick Buttlar, Jacqueline Proulx Farrell","$34.95","http://www.oreilly.com/catalog/pthread/"
"Oracle SQL*Loader: The Definitive Guide","1-56592-948-9","Jonathan Gennick, Sanjay Mishra","$34.95","http://www.oreilly.com/catalog/orsqlloader/"
"Using csh &amp; tcsh","1-56592-132-1","Paul DuBois","$29.95","http://www.oreilly.com/catalog/tcsh/"
"SCO UNIX in a Nutshell","1-56592-037-6","Ellie Cutler, The staff of O'Reilly & Associates","$29.95","http://www.oreilly.com/catalog/sco/"
"Oracle Design","1-56592-268-9","Dave Ensor, Ian Stevenson","$39.95","http://www.oreilly.com/catalog/oracledes/"
"Server Load Balancing","0-596-00050-2","Tony Bourke","$34.95","http://www.oreilly.com/catalog/serverload/"
"Volume 5: X Toolkit Intrinsics Reference Manual","1-56592-007-4","David Flanagan","$44.95","http://www.oreilly.com/catalog/v5/"
"Tcl/Tk in a Nutshell","1-56592-433-9","Paul Raines, Jeff Tranter","$29.95","http://www.oreilly.com/catalog/tclnut/"
"Oracle SQL*Plus Pocket Reference","1-56592-941-1","Jonathan Gennick","$9.95","http://www.oreilly.com/catalog/orsqlpluspr/"
"Perl 5 Pocket Reference, 3rd Edition","0-596-00032-4","Johan Vromans","$9.95","http://www.oreilly.com/catalog/perlpr3/"
"Java Examples in a Nutshell, 2nd Edition","0-596-00039-1","David Flanagan","$29.95","http://www.oreilly.com/catalog/jenut2/"
"Cisco IOS Access Lists","1-56592-385-5","Jeff Sedayao","$39.95","http://www.oreilly.com/catalog/cisrtlist/"
"Dreamweaver 4: The Missing Manual","0-596-00097-9","Dave McFarland","$24.95","http://www.oreilly.com/catalog/dreamweavermm/"
"Oracle PL/SQL Developer's Workbook","1-56592-674-9","Steven Feuerstein, Andrew","$36.95","http://www.oreilly.com/catalog/ordevworkbook/"
"Access Cookbook","0-596-00084-7","Paul Litwin, Ken Getz, Andy Baron","$49.95","http://www.oreilly.com/catalog/accesscook/"
"Perl for Web Site Management","1-56592-647-1","John Callender","$34.95","http://www.oreilly.com/catalog/perlwsmng/"
"Managing the Windows 2000 Registry","1-56592-943-8","Paul Robichaux","$39.95","http://www.oreilly.com/catalog/mwin2reg/"
"Java in a Nutshell, 4th Edition","0-596-00283-1","David Flanagan","$39.95","http://www.oreilly.com/catalog/javanut4/"
"Oracle Distributed Systems","1-56592-432-0","Charles Dye","$39.95","http://www.oreilly.com/catalog/ordistsys/"
"Transact-SQL Cookbook","1-56592-756-7","Ales Spetic, Jonathan Gennick","$34.95","http://www.oreilly.com/catalog/transqlcook/"
"Checking C","0-937175-30-7","Ian Darwin","$12.95","http://www.oreilly.com/catalog/lint/"
"Java Web Services","0-596-00269-6","Tyler Jewell, David Chappell","$39.95","http://www.oreilly.com/catalog/javawebserv/"
"Java Programming with Oracle JDBC","0-596-00088-x","Donald Bales","$39.95","http://www.oreilly.com/catalog/jorajdbc/"
"T1: A Survival Guide","0-596-00127-4","Matthew Gast","$29.95","http://www.oreilly.com/catalog/t1survival/"
"Network Troubleshooting Tools","0-596-00186-X","Joseph D. Sloan","$39.95","http://www.oreilly.com/catalog/nettroubletools/"
"Learning Wireless Java","0-59600-243-2","Qusay Mahmoud","$34.95","http://www.oreilly.com/catalog/wirelessjava/"
"Writing GNU Emacs Extensions","1-56592-261-1","Bob Glickstein","$32.95","http://www.oreilly.com/catalog/gnuext/"
"Hardening Cisco Routers","0-596-00166-5","Thomas Akin","$24.95","http://www.oreilly.com/catalog/hardcisco/"
"Windows Me Annoyances","0-596-00060-X","David A. Karp","$29.95","http://www.oreilly.com/catalog/winmeannoy/"
"Mastering Algorithms with C","1-56592-453-3","Kyle Loudon","$39.95","http://www.oreilly.com/catalog/masteralgoc/"
"VB .NET Language in a Nutshell","0-596-00092-8","Steven Roman, Ron Petrusha, Paul Lomax","$34.95","http://www.oreilly.com/catalog/vbdotnetnut/"
"Developing ASP Components, 2nd Edition","1-56592-750-8","Shelley Powers","$49.95","http://www.oreilly.com/catalog/devaspcom2/"
"MCSD in a Nutshell: The Visual Basic Exams","1-56592-752-4","James Foxall, MCSD","$29.95","http://www.oreilly.com/catalog/mcsdnut/"
"User Friendly","1-56592-673-0","Illiad","$12.95","http://www.oreilly.com/catalog/friendly/"
"Programming Perl, 3rd Edition","0-596-00027-8","Larry Wall, Tom Christiansen, Jon Orwant","$49.95","http://www.oreilly.com/catalog/pperl3/"
"Managing Projects with make, 2nd Edition","0-937175-90-0","Andy Oram, Steve Talbott","$19.95","http://www.oreilly.com/catalog/make2/"
"Oracle8i Internal Services for Waits, Latches, Locks and Memory","1-56592-598-X","Steve Adams","$19.95","http://www.oreilly.com/catalog/orinternals/"
"Learning the Korn Shell","1-56592-054-6","Bill Rosenblatt","$34.95","http://www.oreilly.com/catalog/korn/"
"Cisco IOS in a Nutshell","1-56592-942-X","James Boney","$34.95","http://www.oreilly.com/catalog/cisiosnut/"
"Using Samba","1-56592-449-5","Robert Eckstein, David, Peter Kelly","$34.95","http://www.oreilly.com/catalog/samba/"
"Programming with Qt, 2nd Edition","0-596-00064-2","Matthias Kalle Dalheimer","$39.95","http://www.oreilly.com/catalog/prowqt2/"
"Mastering Oracle SQL","0-596-00129-0","Sanjay Mishra, Alan Beaulieu","$34.95","http://www.oreilly.com/catalog/mastorasql/"
"The Oracle PL/SQL CD Bookshelf","1-56592-849-0","O'Reilly & Associates, Inc.","$89.95","http://www.oreilly.com/catalog/oraclecdbs/"
"XSLT","0-596-00053-7","Doug Tidwell","$39.95","http://www.oreilly.com/catalog/xslt/"
"C# & VB.NET Conversion Pocket Reference","0-596-00319-6","Jose Mojica","$14.95","http://www.oreilly.com/catalog/csharpvbpr/"
"VB.NET Language in a Nutshell, 2nd Edition","0-596-00308-0","Steven Roman, Ron Petrusha, Paul Lomax","$44.95","http://www.oreilly.com/catalog/vbdotnetnut2/"
"Computer Security Basics","0-937175-71-4","Debby Russell, G.T. Gangemi, Sr.","$29.95","http://www.oreilly.com/catalog/csb/"
"DAO Object Model: The Definitive Reference","1-56592-435-5","Helen Feddema","$34.95","http://www.oreilly.com/catalog/progacdao/"
"Mac OS 9: The Missing Manual","1-56592-857-1","David Pogue","$19.95","http://www.oreilly.com/catalog/macosmm/"
"Programming C#, 2nd Edition","0-596-00309-9","Jesse Liberty","$39.95","http://www.oreilly.com/catalog/progcsharp2/"
"Advanced Perl Programming","1-56592-220-4","Sriram Srinivasan","$34.95","http://www.oreilly.com/catalog/advperl/"
"Programming with curses","0-937175-02-1","John Strang","$14.95","http://www.oreilly.com/catalog/curses/"
"Open Sources","1-56592-582-3","Chris DiBona, Sam Ockman, Mark Stone","$24.95","http://www.oreilly.com/catalog/opensources/"
"Designing and Programming CICS Applications","1-56592-676-5","John Horswill, Members of the CICS Development Team at IBM Hursley","$44.95","http://www.oreilly.com/catalog/cics/"
"Oracle PL/SQL Programming, 2nd Edition","1-56592-335-9","Steven Feuerstein, Bill Pribyl","$49.95","http://www.oreilly.com/catalog/oraclep2/"
"Practical UNIX &amp; Internet Security, 2nd Edition","1-56592-148-8","Simson Garfinkel, Gene Spafford","$44.95","http://www.oreilly.com/catalog/puis/"
"C# Essentials, 2nd Edition","0-596-00315-3","Ben Albahari, Peter Drayton, Brad Merrill","$24.95","http://www.oreilly.com/catalog/csharpess2/"
"Perl in a Nutshell","1-56592-286-7","Ellen Siever, Stephen Spainhour, Nate Patwardhan","$34.95","http://www.oreilly.com/catalog/perlnut/"
"Oracle Web Applications","1-56592-687-0","Andrew Odewahn","$29.95","http://www.oreilly.com/catalog/oracleweb/"
"BEEP: The Definitive Guide","0-596-00244-0","Marshall T. Rose","$34.95","http://www.oreilly.com/catalog/beep/"
"Managing &amp; Using MySQL, 2nd Edition","0-596-00211-4","George Reese, Randy Jay Yarger, Tim King","$39.95","http://www.oreilly.com/catalog/msql2/"
"Windows NT Desktop Reference","1-56592-437-1","&AElig;leen Frisch","$9.95","http://www.oreilly.com/catalog/winntdr/"
"AppleWorks 6: The Missing Manual","1-56592-858-X","Jim Elferdink, David Reynolds","$19.95","http://www.oreilly.com/catalog/aplwrksmm/"
"Oracle SQL: The Essential Reference","1-56592-697-8","David C. Kreines","$39.95","http://www.oreilly.com/catalog/orsqlter/"
"Windows 2000 Quick Fixes","0-596-00017-0","Jim Boyce","$29.95","http://www.oreilly.com/catalog/qfwin2000/"
"Perl/Tk Pocket Reference","1-56592-517-3","Stephen Lidie","$9.95","http://www.oreilly.com/catalog/perltkpr/"
"DNS on Windows 2000","0-596-00230-0","Matt Larson, Cricket Liu","$39.95","http://www.oreilly.com/catalog/dnswin2/"
"Win32 Multithreaded Programming","1-56592-296-4","Aaron Cohen, Mike","$49.95","http://www.oreilly.com/catalog/multithread/"
"Lingo in a Nutshell","1-56592-493-2","Bruce A. Epstein","$24.95","http://www.oreilly.com/catalog/lingonut/"
"sed & awk Pocket Reference, Second Edition","0-596-00352-8","Arnold Robbins","$12.95","http://www.oreilly.com/catalog/sedawkrepr2/"
"Linux in a Nutshell, 3rd Edition","0-596-00025-1","Ellen Siever, Stephen Spainhour, Jessica P. Hekman, Stephen Figgins","$34.95","http://www.oreilly.com/catalog/linuxnut3/"
"Windows Me: The Missing Manual","0-596-00009-X","David Pogue","$19.95","http://www.oreilly.com/catalog/winmemm/"
"Building Internet Firewalls, 2nd Edition","1-56592-871-7","Elizabeth D. Zwicky, Simon Cooper, D. Brent Chapman","$49.95","http://www.oreilly.com/catalog/fire2/"
"Python &amp; XML","0-596-00128-2","Christopher A. Jones, Fred L. Drake, Jr.","$39.95","http://www.oreilly.com/catalog/pythonxml/"
"Java 2D Graphics","1-56592-484-3","Jonathan Knudsen","$29.95","http://www.oreilly.com/catalog/java2d/"
"PalmPilot: The Ultimate Guide, 2nd Edition","1-56592-600-5","David Pogue","$29.95","http://www.oreilly.com/catalog/palmpilot2/"
"UNIX Power","1-56592-260-3","Jerry Peek, Tim O'Reilly, Mike Loukides","$59.95","http://www.oreilly.com/catalog/upt2/"
"CGI Programming with Perl, 2nd Edition","1-56592-419-3","Scott Guelich, Shishir Gundavaram, Gunther Birznieks","$34.95","http://www.oreilly.com/catalog/cgi2/"
"Delphi in a Nutshell","1-56592-659-5","Ray Lischner","$29.95","http://www.oreilly.com/catalog/delphi/"
"Lotus Domino Administration in a Nutshell","1-56592-717-6","Greg Neilson","$24.95","http://www.oreilly.com/catalog/domino/"
"Windows 2000 Active Directory","1-56592-638-2","Alistair G. Lowe-Norris","$39.95","http://www.oreilly.com/catalog/win2000ads/"
"sed &amp; awk Pocket Reference","1-56592-729-X","Arnold Robbins","$9.95","http://www.oreilly.com/catalog/sedawkrepr/"
"Managing Microsoft Exchange Server","1-56592-545-9","Paul Robichaux","$39.95","http://www.oreilly.com/catalog/managexsvr/"
"Windows 2000 Commands Pocket Reference","0-596-00148-7","AEleen Frisch","$9.95","http://www.oreilly.com/catalog/win2commpr/"
"Learning the Unix Operating System, 5th","0-596-00261-0","Jerry Peek, Grace Todino, John Strang","$19.95","http://www.oreilly.com/catalog/lunix5/"
"Cascading Style Sheets: The Definitive Guide","1-56592-622-6","Eric Meyer","$34.95","http://www.oreilly.com/catalog/css/"
"Python Pocket Reference, 2nd Edition","0-59600-189-4","Mark Lutz","$11.95","http://www.oreilly.com/catalog/pythonpr2/"
"The Java Enterprise CD Bookshelf","1-56592-850-4","O'Reilly & Associates, Inc.","$89.95","http://www.oreilly.com/catalog/javacdbs/"
"Programming Web Graphics with Perl & GNU Software","1-56592-478-9","Shawn Wallace","$32.95","http://www.oreilly.com/catalog/prowg/"
"Java Performance Tuning","0-596-00015-4","Jack Shirazi","$34.95","http://www.oreilly.com/catalog/javapt/"
"Oracle PL/SQL Built-ins Pocket Reference","1-56592-456-8","Steven Feuerstein, John Beresniewicz, Chip Dawes","$8.95","http://www.oreilly.com/catalog/orbipr/"
"DocBook: The Definitive Guide","1-56592-580-7","Norman Walsh, Leonard Muellner","$36.95","http://www.oreilly.com/catalog/docbook/"
"Oracle Parallel Processing","1-56592-701-X","Tushar Mahapatra, Sanjay","$32.95","http://www.oreilly.com/catalog/oraclepp/"
